Route,Fixed_Top3,RailCompass_Top3,Top3_Changed
"R1: Delhi→Jaipur","12958; 12414; 09722","12958; 09722; 12414",0
"R2: Delhi→Lucknow","12230; 12430; 12004","12430; 12272; 12230",1
"R3: Chennai→Bangalore","12657; 12577; 12691","12657; 12691; 22682",1
"R4: Delhi→Mumbai","12952; 12910; 12954","12952; 12954; 12910",0
"R5: Mumbai→Pune","12525; 12127; 12264","12264; 12525; 12127",0
"R6: Lucknow→Delhi","12225; 12553; 12429","12225; 12553; 12271",1
"R7: Delhi→Kolkata","12302; 12260; 12314","12302; 12314; 12306",1
"R8: Ahmedabad→Mumbai","19006; 12268; 12489","19006; 12268; 12215",1
"R9: Hyderabad→Chennai","12604; 12760; 17652","12604; 12760; 17652",0
"R10: Bangalore→Hyderabad","12213; 12649; 12786","12213; 22691; 12493",1
